<beans xmlns="http://www.springframework.org/schema/beans"
	xmlns:xsi="http://www.w3.org/2001/XMLSchema-instance"
	xmlns:context="http://www.springframework.org/schema/context"
	xmlns:wf="http://www.springframework.org/schema/webflow-config"
	xmlns:mvc="http://www.springframework.org/schema/mvc"
	xsi:schemaLocation="
	http://www.springframework.org/schema/beans 
	http://www.springframework.org/schema/beans/spring-beans.xsd
	http://www.springframework.org/schema/context
	http://www.springframework.org/schema/context/spring-context.xsd
	http://www.springframework.org/schema/mvc
	http://www.springframework.org/schema/mvc/spring-mvc.xsd
	http://www.springframework.org/schema/webflow-config
	http://www.springframework.org/schema/webflow-config/spring-webflow-config.xsd
	">

	<context:component-scan
		base-package="com.gemini" />
	<context:component-scan
		base-package="com.gemini.ProductWebsiteBackend" />


	<bean id="viewResolver"
		class="org.springframework.web.servlet.view.InternalResourceViewResolver">
		<property name="prefix">
			<value>/WEB-INF/views/</value>
		</property>

		<property name="suffix">
			<value>.jsp</value>
		</property>
	</bean>

	<bean id="multipartResolver"
		class="org.springframework.web.multipart.support.StandardServletMultipartResolver" />

	<mvc:annotation-driven />
	<mvc:resources location="/resources/"
		mapping="/resource/**" />


	<wf:flow-executor id="flowExecutor" />

	<wf:flow-registry id="flowRegistry"
		base-path="/WEB-INF/views/flows"
		flow-builder-services="flowBuilderServices">
		<wf:flow-location-pattern
			value="/**/*-flow.xml" />

	</wf:flow-registry>

	<wf:flow-builder-services
		id="flowBuilderServices" view-factory-creator="viewFactoryCreator" validator="validator" />

	<bean
		class="org.springframework.webflow.mvc.servlet.FlowHandlerAdapter">
		<property name="flowExecutor" ref="flowExecutor"></property>
	</bean>

	<bean
		class="org.springframework.webflow.mvc.servlet.FlowHandlerMapping">
		<property name="flowRegistry" ref="flowRegistry"></property>
		<property name="order" value="-1"></property>
	</bean>

	<bean id="viewFactoryCreator"
		class="org.springframework.webflow.mvc.builder.MvcViewFactoryCreator">
		<property name="viewResolvers" ref="viewResolver" />
	</bean>

<bean id="validator" class="org.springframework.validation.beanvalidation.LocalValidatorFactoryBean"/>

</beans>