<beans:beans xmlns="http://www.springframework.org/schema/security"
xmlns:beans="http://www.springframework.org/schema/beans"
xmlns:xsi="http://www.w3.org/2001/XMLSchema-instance"
xmlns:context="http://www.springframework.org/schema/context"
xsi:schemaLocation="http://www.springframework.org/schema/beans
http://www.springframework.org/schema/beans/spring-beans.xsd
http://www.springframework.org/schema/security
http://www.springframework.org/schema/security/spring-security.xsd
http://www.springframework.org/schema/context
http://www.springframework.org/schema/context/spring-context.xsd
">
	<http pattern="/resource/**" security="none"/>
	
	<beans:bean id="passwordEncoder" class="org.springframework.security.crypto.bcrypt.BCryptPasswordEncoder"/>
	
	<context:component-scan
		base-package="com.gemini.ProductWebsiteBackend" />

	<http>
		<intercept-url pattern="/insert/**" access="hasAuthority('ADMIN')" />		
		<intercept-url pattern="/cart/**" access="hasAuthority('USER')" />
		<intercept-url pattern="/**" access="permitAll" />	
		<form-login login-page="/login"	/> 	
		<access-denied-handler error-page="/access-restricted"/>					
	</http>

	<authentication-manager>
		<authentication-provider>
		<password-encoder ref="passwordEncoder"></password-encoder>
			<jdbc-user-service data-source-ref="dataSource"
				authorities-by-username-query="select email,role from user_detail where email=?"
				users-by-username-query="select email,password,enabled from user_detail where email=?" />
		</authentication-provider>
	</authentication-manager>
</beans:beans>

	